{"cameraMode":{"drawMode":0,"name":"Shaded","section":"Shading Mode"},"sceneLighting":false,"audioPlay":false,"sceneViewState":{"m_AlwaysRefresh":false,"showFog":true,"showSkybox":false,"showFlares":true,"showImageEffects":true,"showParticleSystems":true,"showVisualEffectGraphs":true,"m_FxEnabled":true},"in2DMode":false,"pivot":{"x":-0.5240011215209961,"y":2.545764446258545,"z":0.9112216234207153},"rotation":{"x":0.06495381146669388,"y":-0.22859685122966767,"z":0.013340508565306664,"w":0.9717122912406921},"size":3.240370273590088,"orthographic":false}