{"cameraMode":{"drawMode":0,"name":"Shaded","section":"Shading Mode"},"sceneLighting":false,"audioPlay":false,"sceneViewState":{"m_AlwaysRefresh":false,"showFog":true,"showSkybox":true,"showFlares":true,"showImageEffects":true,"showParticleSystems":true,"showVisualEffectGraphs":true,"m_FxEnabled":true},"in2DMode":false,"pivot":{"x":37.229835510253909,"y":15.937424659729004,"z":24.285242080688478},"rotation":{"x":0.25750038027763369,"y":-0.45998674631118777,"z":0.13740989565849305,"w":0.8399307131767273},"size":5.9743547439575199,"orthographic":false}