{"cameraMode":{"drawMode":0,"name":"Shaded","section":"Shading Mode"},"sceneLighting":false,"audioPlay":false,"sceneViewState":{"m_AlwaysRefresh":false,"showFog":true,"showSkybox":true,"showFlares":true,"showImageEffects":true,"showParticleSystems":true,"showVisualEffectGraphs":true,"m_FxEnabled":true},"in2DMode":false,"pivot":{"x":15.194876670837403,"y":10.97201156616211,"z":-18.592771530151368},"rotation":{"x":-0.3448111116886139,"y":0.07187102735042572,"z":-0.02415556088089943,"w":-0.9359807372093201},"size":3.2050845623016359,"orthographic":false}