{"cameraMode":{"drawMode":0,"name":"Shaded","section":"Shading Mode"},"sceneLighting":false,"audioPlay":false,"sceneViewState":{"m_AlwaysRefresh":false,"showFog":true,"showSkybox":true,"showFlares":true,"showImageEffects":true,"showParticleSystems":true,"showVisualEffectGraphs":true,"m_FxEnabled":true},"in2DMode":false,"pivot":{"x":-1.5922459363937379,"y":4.785571575164795,"z":33.80904006958008},"rotation":{"x":-0.22994114458560944,"y":-0.12823402881622315,"z":0.032690100371837619,"w":-0.9645228981971741},"size":3.2050845623016359,"orthographic":false}