{"cameraMode":{"drawMode":0,"name":"Shaded","section":"Shading Mode"},"sceneLighting":true,"audioPlay":false,"sceneViewState":{"m_AlwaysRefresh":false,"showFog":true,"showSkybox":true,"showFlares":true,"showImageEffects":true,"showParticleSystems":true,"showVisualEffectGraphs":true,"m_FxEnabled":true},"in2DMode":false,"pivot":{"x":-0.5548758506774902,"y":7.398653030395508,"z":8.549334526062012},"rotation":{"x":0.20145843923091889,"y":0.014247090555727482,"z":-0.0056406124494969849,"w":0.9799180030822754},"size":2.7548272609710695,"orthographic":false}