{"cameraMode":{"drawMode":0,"name":"Shaded","section":"Shading Mode"},"sceneLighting":true,"audioPlay":false,"sceneViewState":{"m_AlwaysRefresh":false,"showFog":true,"showSkybox":true,"showFlares":true,"showImageEffects":true,"showParticleSystems":true,"showVisualEffectGraphs":true,"m_FxEnabled":true},"in2DMode":false,"pivot":{"x":3.8440985679626467,"y":-25.03141975402832,"z":149.2850341796875},"rotation":{"x":-0.09719029814004898,"y":-0.01493002288043499,"z":0.002850554883480072,"w":-0.9958999156951904},"size":70.71067810058594,"orthographic":false}