{"cameraMode":{"drawMode":0,"name":"Shaded","section":"Shading Mode"},"sceneLighting":false,"audioPlay":false,"sceneViewState":{"m_AlwaysRefresh":false,"showFog":true,"showSkybox":false,"showFlares":true,"showImageEffects":true,"showParticleSystems":true,"showVisualEffectGraphs":true,"m_FxEnabled":true},"in2DMode":false,"pivot":{"x":15.06546401977539,"y":0.10000000894069672,"z":18.433704376220704},"rotation":{"x":0.28405922651290896,"y":0.4378214180469513,"z":-0.15082809329032899,"w":0.8400179147720337},"size":3.5411858558654787,"orthographic":false}