{"cameraMode":{"drawMode":0,"name":"Shaded","section":"Shading Mode"},"sceneLighting":false,"audioPlay":false,"sceneViewState":{"m_AlwaysRefresh":false,"showFog":true,"showSkybox":false,"showFlares":true,"showImageEffects":true,"showParticleSystems":true,"showVisualEffectGraphs":true,"m_FxEnabled":true},"in2DMode":false,"pivot":{"x":4.453195095062256,"y":-0.36976581811904909,"z":38.932865142822269},"rotation":{"x":0.10056434571743012,"y":0.8876571655273438,"z":-0.37998849153518679,"w":0.24146614968776704},"size":3.2050845623016359,"orthographic":false}