{"cameraMode":{"drawMode":0,"name":"Shaded","section":"Shading Mode"},"sceneLighting":true,"audioPlay":false,"sceneViewState":{"m_AlwaysRefresh":false,"showFog":true,"showSkybox":true,"showFlares":true,"showImageEffects":true,"showParticleSystems":true,"showVisualEffectGraphs":true,"m_FxEnabled":true},"in2DMode":false,"pivot":{"x":4.9913530349731449,"y":6.0432562828063969,"z":-9.61662769317627},"rotation":{"x":0.31422555446624758,"y":-0.38868147134780886,"z":0.1407214105129242,"w":0.8552136421203613},"size":2.7548272609710695,"orthographic":false}